Review,TituloReview,Sentimiento,Calificacion,Subjetividad,Categorias,Topico
"M√°s comunicaci√≥n, y que todo el personal este en la misma sinton√≠a y m√°s amabilidad por parte del personal........... El ferry es muy c√≥modo y limpio solo que siento que lo que les falta es buena comunicaci√≥n por parte del personal en especial a una colaboradora que se llama Teresita V√°zquez, ella da mala informaci√≥n, aparte siento que hay modos de como hablar ella fue muy grosera.","M√°s comunicaci√≥n, y que todo el personal este en la misma sinton√≠a y m√°s amabilidad por parte del personal........... El ferry es muy c√≥modo y limpio solo que siento que lo que les falta es buena comunicaci√≥n por parte del personal en especial a una colaboradora que se llama Teresita V√°zquez, ella da mala informaci√≥n, aparte siento que hay modos de como hablar ella fue muy grosera.",Neutro,3,Subjetiva,"['Transporte', 'Personal y servicio']","{'Transporte': 'Equipaje en islas', ""Transporte'"": 'Equipaje en la Isla', ""'Personal y servicio"": 'Experiencia en el Ferry', ""Personal y servicio'"": 'Mal Servicio en Isla', 'Personal y servicio': 'Atenci√≥n al Cliente Inadecuada', ""'Personal y servicio'"": 'Atenci√≥n en el Puerto'}"
"Pesimo servicio en facturaci√≥n. He realizado cruce de Puerto Juarez a Isla Mujeres, intento facturar y la pagina no fuinciona correctamente, solicite apoyo por whatsapp, X, instagram, facebook, correo electronico , v√≠a telefonia y nade puede resolver como generar una factura. Pesimo  servicio en facturaci√≥n.","Pesimo servicio en facturaci√≥n. He realizado cruce de Puerto Juarez a Isla Mujeres, intento facturar y la pagina no fuinciona correctamente, solicite apoyo por whatsapp, X, instagram, facebook, correo electronico , v√≠a telefonia y nade puede resolver como generar una factura. Pesimo  servicio en facturaci√≥n.",Negativo,1,Mixta,['Personal y servicio'],"{""'Personal y servicio"": 'Opiniones Diversas', ""Personal y servicio'"": 'Opiniones Diversas', 'Personal y servicio': 'Opiniones Diversas', ""'Personal y servicio'"": 'Opiniones Diversas'}"
"RECEPCI√îN PORQUER√çA POR SE√ëORA KARINA ARCE. El servicio de recepci√≥n que la se√±ora Karina Arce ofrece en m√≥dulo es una porquer√≠a, como persona tiene cero intenciones de hacer su √∫nico trabajo que es atender al p√∫blico, demasiado elitista y poco servicial, no se interesa si quiera en escuchar, le importa poco mirarte con cara de asco y ni hablar de sus pocas y agresivas respuestas. Por otro lado, Jorge Moo y Joshelin Chio fueron sumamente comprensivos con la situaci√≥n, pudimos dialogar y gracias a sus atenciones podr√≠a reconsiderar hacer uso del servicio, si fuera por Karina Arce la empresa se hunde al hoyo.","RECEPCI√îN PORQUER√çA POR SE√ëORA KARINA ARCE. El servicio de recepci√≥n que la se√±ora Karina Arce ofrece en m√≥dulo es una porquer√≠a, como persona tiene cero intenciones de hacer su √∫nico trabajo que es atender al p√∫blico, demasiado elitista y poco servicial, no se interesa si quiera en escuchar, le importa poco mirarte con cara de asco y ni hablar de sus pocas y agresivas respuestas. Por otro lado, Jorge Moo y Joshelin Chio fueron sumamente comprensivos con la situaci√≥n, pudimos dialogar y gracias a sus atenciones podr√≠a reconsiderar hacer uso del servicio, si fuera por Karina Arce la empresa se hunde al hoyo.",Negativo,2,Mixta,['Personal y servicio'],"{""'Personal y servicio"": 'Experiencia en el Ferry', ""Personal y servicio'"": 'Mal Servicio en Isla', 'Personal y servicio': 'Atenci√≥n al Cliente Inadecuada', ""'Personal y servicio'"": 'Atenci√≥n en el Puerto'}"
"Transporte conveniente a Isla Mujeres. Tom√≥ el ferry a Isla Mujeres para un d√≠a de playa en Playa Norte. El muelle de Playa Caracol estaba justo al lado de mi resort, IT era un acceso f√°cil para m√≠. Compre el boleto en l√≠nea o puede pagar $ 45 usd en el puerto ($ 7 usd tarifa de muelle). El ferry har√° una parada en Playa Tortugas antes de la parada final en Isla Mujeres (alrededor de 35 minutos de viaje total). El proceso de embarque y el viaje fueron buenos. Playa Norte est√° a solo 12 minutos a pie de su muelle.","Transporte conveniente a Isla Mujeres. Tom√≥ el ferry a Isla Mujeres para un d√≠a de playa en Playa Norte. El muelle de Playa Caracol estaba justo al lado de mi resort, IT era un acceso f√°cil para m√≠. Compre el boleto en l√≠nea o puede pagar $ 45 usd en el puerto ($ 7 usd tarifa de muelle). El ferry har√° una parada en Playa Tortugas antes de la parada final en Isla Mujeres (alrededor de 35 minutos de viaje total). El proceso de embarque y el viaje fueron buenos. Playa Norte est√° a solo 12 minutos a pie de su muelle.",Positivo,4,Mixta,['Naturaleza'],"{'Naturaleza': 'Visita a la Isla', ""'Naturaleza'"": 'Visita a la Isla', ""'Naturaleza"": 'Visita a la Isla'}"
"HolaQuiero hacer √©nfasis del mal servicio que viv√≠ con mi familia el d√≠a 19de julio, Compramos Viaje redondo en las estaciones de taquilla por tarjeta en puerto Ju√°rez Canc√∫n, 3 adultos y 1 menor, en Canc√∫n nos atendieron muy bien, subimos al barco y todo muy bien, de regreso el personal de isla no trato. Mal, diciendo que el boleto del menor no era v√°lido, que ten√≠a que pagar como adulto, no grit√≥ nos nos quer√≠a escanear nuestro ticket a√∫n sabiendo que ya hab√≠amos tomado el ultramar de Canc√∫n viaje redondo, nos trat√≥ mal, pagamos el boleto del menor como adulto y a√∫n as√≠ no nos quer√≠an escanear nuestro ticket, nos quer√≠an cobrar 300 a√∫n sabiendo que ya hab√≠amos pagado el viaje redondo el ni√±o y que en la primer embarcaci√≥n no nos dijeron algo malo, nos dijeron que no era prblema de ellos que la otra embarcaci√≥n no tiene nada que ver con la de isla mujeres a√∫n sabiendo que son de la misma empresa ultramar, un polic√≠a nos apoy√≥ el cual le agradecemos, agreg√≥ foto del chico que nos trat√≥ muy mal. HolaQuiero hacer √©nfasis del mal servicio que viv√≠ con mi familia el d√≠a 19de julio, Compramos Viaje redondo en las estaciones de taquilla por tarjeta en puerto Ju√°rez Canc√∫n, 3 adultos y 1 menor, en Canc√∫n nos atendieron muy bien, subimos al barco y todo muy bien, de regreso el personal de isla no trato. Mal, diciendo que el boleto del menor no era v√°lido, que ten√≠a que pagar como adulto, no grit√≥ nos nos quer√≠a escanear nuestro ticket a√∫n sabiendo que ya hab√≠amos tomado el ultramar de Canc√∫n viaje redondo, nos trat√≥ mal, pagamos el boleto del menor como adulto y a√∫n as√≠ no nos quer√≠an escanear nuestro ticket, nos quer√≠an cobrar 300 a√∫n sabiendo que ya hab√≠amos pagado el viaje redondo el ni√±o y que en la primer embarcaci√≥n no nos dijeron algo malo, nos dijeron que no era prblema de ellos que la otra embarcaci√≥n no tiene nada que ver con la de isla mujeres a√∫n sabiendo que son de la misma empresa ultramar, un polic√≠a nos apoy√≥ el cual le agradecemos, agreg√≥ foto del chico que nos trat√≥ muy mal.","HolaQuiero hacer √©nfasis del mal servicio que viv√≠ con mi familia el d√≠a 19de julio, Compramos Viaje redondo en las estaciones de taquilla por tarjeta en puerto Ju√°rez Canc√∫n, 3 adultos y 1 menor, en Canc√∫n nos atendieron muy bien, subimos al barco y todo muy bien, de regreso el personal de isla no trato. Mal, diciendo que el boleto del menor no era v√°lido, que ten√≠a que pagar como adulto, no grit√≥ nos nos quer√≠a escanear nuestro ticket a√∫n sabiendo que ya hab√≠amos tomado el ultramar de Canc√∫n viaje redondo, nos trat√≥ mal, pagamos el boleto del menor como adulto y a√∫n as√≠ no nos quer√≠an escanear nuestro ticket, nos quer√≠an cobrar 300 a√∫n sabiendo que ya hab√≠amos pagado el viaje redondo el ni√±o y que en la primer embarcaci√≥n no nos dijeron algo malo, nos dijeron que no era prblema de ellos que la otra embarcaci√≥n no tiene nada que ver con la de isla mujeres a√∫n sabiendo que son de la misma empresa ultramar, un polic√≠a nos apoy√≥ el cual le agradecemos, agreg√≥ foto del chico que nos trat√≥ muy mal. HolaQuiero hacer √©nfasis del mal servicio que viv√≠ con mi familia el d√≠a 19de julio, Compramos Viaje redondo en las estaciones de taquilla por tarjeta en puerto Ju√°rez Canc√∫n, 3 adultos y 1 menor, en Canc√∫n nos atendieron muy bien, subimos al barco y todo muy bien, de regreso el personal de isla no trato. Mal, diciendo que el boleto del menor no era v√°lido, que ten√≠a que pagar como adulto, no grit√≥ nos nos quer√≠a escanear nuestro ticket a√∫n sabiendo que ya hab√≠amos tomado el ultramar de Canc√∫n viaje redondo, nos trat√≥ mal, pagamos el boleto del menor como adulto y a√∫n as√≠ no nos quer√≠an escanear nuestro ticket, nos quer√≠an cobrar 300 a√∫n sabiendo que ya hab√≠amos pagado el viaje redondo el ni√±o y que en la primer embarcaci√≥n no nos dijeron algo malo, nos dijeron que no era prblema de ellos que la otra embarcaci√≥n no tiene nada que ver con la de isla mujeres a√∫n sabiendo que son de la misma empresa ultramar, un polic√≠a nos apoy√≥ el cual le agradecemos, agreg√≥ foto del chico que nos trat√≥ muy mal.",Negativo,1,Mixta,"['Alojamiento', 'Personal y servicio']","{""'Personal y servicio"": 'Experiencia en el Ferry', ""Personal y servicio'"": 'Mal Servicio en Isla', 'Personal y servicio': 'Atenci√≥n al Cliente Inadecuada', ""'Personal y servicio'"": 'Atenci√≥n en el Puerto'}"
"UltraMar Ferry - ¬°Atenci√≥n al cliente!. Tom√© UltraMar desde Puerto Ju√°rez a Isla Mujeres el viernes pasado y regres√© ayer. Fue una experiencia maravillosa, especialmente mi viaje de regreso ayer por la ma√±ana. Eso fue s√≥lo porque era temprano en la ma√±ana, hab√≠a menos gente, y el cruce sentado en el techo al regresar fue absolutamente maravilloso. ¬°Qu√© hermoso recuerdo ser√°! UltraMar ha convertido esto en un arte y una ciencia. ¬°Sigan con el gran trabajo!.","UltraMar Ferry - ¬°Atenci√≥n al cliente!. Tom√© UltraMar desde Puerto Ju√°rez a Isla Mujeres el viernes pasado y regres√© ayer. Fue una experiencia maravillosa, especialmente mi viaje de regreso ayer por la ma√±ana. Eso fue s√≥lo porque era temprano en la ma√±ana, hab√≠a menos gente, y el cruce sentado en el techo al regresar fue absolutamente maravilloso. ¬°Qu√© hermoso recuerdo ser√°! UltraMar ha convertido esto en un arte y una ciencia. ¬°Sigan con el gran trabajo!.",Positivo,5,Subjetiva,"['Transporte', 'Personal y servicio']","{'Transporte': 'Equipaje en islas', ""Transporte'"": 'Equipaje en la Isla', ""'Personal y servicio"": 'Servicio de Ultramar', ""Personal y servicio'"": 'Servicio en Ultramar', 'Personal y servicio': 'Servicio en Ultramar', ""'Personal y servicio'"": 'Servicio de Ultramar'}"
"P√©simo servicio. Venden m√°s billetes de los que deber√≠an y no avisan que si el ferry se llena hay que esperar 2 horas de pie, no consiguen otro barco y no le dicen nada a la gente. No recomendar√© este ferry a nadie.","P√©simo servicio. Venden m√°s billetes de los que deber√≠an y no avisan que si el ferry se llena hay que esperar 2 horas de pie, no consiguen otro barco y no le dicen nada a la gente. No recomendar√© este ferry a nadie.",Negativo,1,Mixta,"['Transporte', 'Personal y servicio']","{'Transporte': 'Navegaci√≥n de regreso', ""Transporte'"": 'Regreso a la Isla con Navegaci√≥n', ""'Personal y servicio"": 'Experiencia en el Ferry', ""Personal y servicio'"": 'Mal Servicio en Isla', 'Personal y servicio': 'Atenci√≥n al Cliente Inadecuada', ""'Personal y servicio'"": 'Atenci√≥n en el Puerto'}"
"Atraco en Ultramar. El viaje, normal. El precio, un robo comparado con Xcaret. Los ni√±os pagan a partir de un a√±o la friolera de 480 pesos la ida y vuelta. En Xcaret son gratis hasta 6 a√±os. No volveremos a viajar con ellos.","Atraco en Ultramar. El viaje, normal. El precio, un robo comparado con Xcaret. Los ni√±os pagan a partir de un a√±o la friolera de 480 pesos la ida y vuelta. En Xcaret son gratis hasta 6 a√±os. No volveremos a viajar con ellos.",Negativo,1,Mixta,"['Transporte', 'Seguridad']","{""'Seguridad"": 'Opiniones Diversas', ""'Seguridad'"": 'Opiniones Diversas', 'Transporte': 'Opiniones Diversas', ""Transporte'"": 'Opiniones Diversas', 'Seguridad': 'Opiniones Diversas'}"
"Valorar otros ferrys. Muy mala atencion del personal, ya que no saben los horarios de salida.Te venden a los turistas como embarque prioritario y es mentira nos dejaron en tierra segun ellos porque estaba lleno, a 2 personas.El personal muy poco profesional y borde y muy mala organizacion para el embarque.NO volveria a viajar con ellos .","Valorar otros ferrys. Muy mala atencion del personal, ya que no saben los horarios de salida.Te venden a los turistas como embarque prioritario y es mentira nos dejaron en tierra segun ellos porque estaba lleno, a 2 personas.El personal muy poco profesional y borde y muy mala organizacion para el embarque.NO volveria a viajar con ellos .",Negativo,1,Mixta,"['Transporte', 'Personal y servicio']","{'Transporte': 'Navegaci√≥n de regreso', ""Transporte'"": 'Regreso a la Isla con Navegaci√≥n', ""'Personal y servicio"": 'Experiencia en el Ferry', ""Personal y servicio'"": 'Mal Servicio en Isla', 'Personal y servicio': 'Atenci√≥n al Cliente Inadecuada', ""'Personal y servicio'"": 'Atenci√≥n en el Puerto'}"
"Vacaciones en Familia-. Excelente servicio, se viaja s√∫per bien , por 32 USD ida y vuelta puedes cruzar a Isla Mujeres, tienes frecuencia horaria y eso te da libertad para viajar por tu cuenta y no depender de un tour cuando quieres conocer la isla por ti mismo.-.","Vacaciones en Familia-. Excelente servicio, se viaja s√∫per bien , por 32 USD ida y vuelta puedes cruzar a Isla Mujeres, tienes frecuencia horaria y eso te da libertad para viajar por tu cuenta y no depender de un tour cuando quieres conocer la isla por ti mismo.-.",Positivo,5,Mixta,['Transporte'],"{'Transporte': 'Equipaje en islas', ""Transporte'"": 'Equipaje en la Isla'}"
"Ferry r√°pido f√°cil y asequible!. Llegu√© antes de lo comprado y no fue un problema. Enseguida. R√°pidamente consiguen que todo el mundo suba. Si√©ntate y ellos se van. Viaje r√°pido de Puerto Ju√°rez a Isla Mujeres. La fila era un poco m√°s larga en el camino de regreso, pero se mueve r√°pidamente. No tuvimos problemas y sin duda volver√≠a a utilizar este ferry de nuevo. Tambi√©n creo que es el √∫nico ferry ofrecido.","Ferry r√°pido f√°cil y asequible!. Llegu√© antes de lo comprado y no fue un problema. Enseguida. R√°pidamente consiguen que todo el mundo suba. Si√©ntate y ellos se van. Viaje r√°pido de Puerto Ju√°rez a Isla Mujeres. La fila era un poco m√°s larga en el camino de regreso, pero se mueve r√°pidamente. No tuvimos problemas y sin duda volver√≠a a utilizar este ferry de nuevo. Tambi√©n creo que es el √∫nico ferry ofrecido.",Positivo,5,Mixta,['Eventos y festivales'],{}
Este lugar apesta!!!. ¬°Esta gente apesta! Aparecer para el primer ferry con nuestro beb√©. Estados en l√≠nea al comprar boletos que los beb√©s son gratis. Pero cuando llegamos al frente necesitan un boleto impreso. Pero no imprimir√°n un boleto a menos que compres uno. Solo otra estafa en Canc√∫n. Nunca m√°s vendr√© aqu√≠. Canc√∫n es una mierda. Mucho mejores lugares para ir en M√©xico que Canc√∫n ¬°La codicia corporativa ha arruinado este lugar!.,Este lugar apesta!!!. ¬°Esta gente apesta! Aparecer para el primer ferry con nuestro beb√©. Estados en l√≠nea al comprar boletos que los beb√©s son gratis. Pero cuando llegamos al frente necesitan un boleto impreso. Pero no imprimir√°n un boleto a menos que compres uno. Solo otra estafa en Canc√∫n. Nunca m√°s vendr√© aqu√≠. Canc√∫n es una mierda. Mucho mejores lugares para ir en M√©xico que Canc√∫n ¬°La codicia corporativa ha arruinado este lugar!.,Negativo,1,Mixta,"['Transporte', 'Seguridad']","{""'Seguridad"": 'Servicio de Equipaje en Puertos', ""'Seguridad'"": 'Servicio de Ferry', 'Transporte': 'Navegaci√≥n de regreso', ""Transporte'"": 'Regreso a la Isla con Navegaci√≥n', 'Seguridad': 'Servicio de Equipaje en Puertos'}"
"Servicio aterrador. La peor experiencia de la historia, nos vendieron billetes cuando sab√≠an que no hab√≠a espacio en el ferry. Llegaban m√°s turistas despu√©s de nosotros y les vend√≠an boletos tambi√©n a pesar de que no nos permit√≠an abordar a nosotros y a la gente que estaba delante de nosotros. El ferry estaba lleno hasta las branquias, solo de pie. Las entradas no eran reembolsables y el personal no se preocupaba y no estaba dispuesto a encontrar una soluci√≥n. No terminamos yendo a Isla Mujeres sobre todo porque hab√≠amos perdido toda confianza en la empresa y ten√≠amos miedo de quedarnos en la isla sin camino a casa. No hay nadie con quien hablar.","Servicio aterrador. La peor experiencia de la historia, nos vendieron billetes cuando sab√≠an que no hab√≠a espacio en el ferry. Llegaban m√°s turistas despu√©s de nosotros y les vend√≠an boletos tambi√©n a pesar de que no nos permit√≠an abordar a nosotros y a la gente que estaba delante de nosotros. El ferry estaba lleno hasta las branquias, solo de pie. Las entradas no eran reembolsables y el personal no se preocupaba y no estaba dispuesto a encontrar una soluci√≥n. No terminamos yendo a Isla Mujeres sobre todo porque hab√≠amos perdido toda confianza en la empresa y ten√≠amos miedo de quedarnos en la isla sin camino a casa. No hay nadie con quien hablar.",Negativo,1,Mixta,"['Transporte', 'Personal y servicio']","{'Transporte': 'Navegaci√≥n de regreso', ""Transporte'"": 'Regreso a la Isla con Navegaci√≥n', ""'Personal y servicio"": 'Experiencia en el Ferry', ""Personal y servicio'"": 'Mal Servicio en Isla', 'Personal y servicio': 'Atenci√≥n al Cliente Inadecuada', ""'Personal y servicio'"": 'Atenci√≥n en el Puerto'}"
Horarios poco fiables. No creas en el horario de una hora por trayecto entre Tortugas y Isla MujeresNo son confiables. Tienen un horario separado en el puerto real.,Horarios poco fiables. No creas en el horario de una hora por trayecto entre Tortugas y Isla MujeresNo son confiables. Tienen un horario separado en el puerto real.,Negativo,2,Mixta,['Fauna y vida animal'],{}
Excelente en todo. Incre√≠ble servicio y la se√±orita Vanessa es una incre√≠ble colaboradora de ustedes!!! Les doy 10 por la calidad humana y operativa que tienen.,Excelente en todo. Incre√≠ble servicio y la se√±orita Vanessa es una incre√≠ble colaboradora de ustedes!!! Les doy 10 por la calidad humana y operativa que tienen.,Positivo,5,Subjetiva,['Personal y servicio'],"{""'Personal y servicio"": 'Servicio de Ultramar', ""Personal y servicio'"": 'Servicio en Ultramar', 'Personal y servicio': 'Servicio en Ultramar', ""'Personal y servicio'"": 'Servicio de Ultramar'}"
"HUYE, NO LOS USES!!!. ¬°¬°HUYAN!! Cinco de nosotros esperamos m√°s de dos horas para subir al ferry, luego nos dijeron que se rompi√≥ y tuvimos que conducir al centro para tomar un barco diferente. No tuvimos tiempo de hacerlo, as√≠ que tratamos de recuperar nuestro dinero, pero se negaron. Ahora estoy disputando el cargo de $ 150 usd con Visa. ¬°NO USE el ferry Ultramar!.","HUYE, NO LOS USES!!!. ¬°¬°HUYAN!! Cinco de nosotros esperamos m√°s de dos horas para subir al ferry, luego nos dijeron que se rompi√≥ y tuvimos que conducir al centro para tomar un barco diferente. No tuvimos tiempo de hacerlo, as√≠ que tratamos de recuperar nuestro dinero, pero se negaron. Ahora estoy disputando el cargo de $ 150 usd con Visa. ¬°NO USE el ferry Ultramar!.",Negativo,1,Mixta,['Transporte'],"{'Transporte': 'Navegaci√≥n de regreso', ""Transporte'"": 'Regreso a la Isla con Navegaci√≥n'}"
"¬°No conf√≠es en Ultramar para llegar a tu destino!. Reservamos un viaje de regreso de Playa Caracoles a Isla Mujeres, el viaje de ida estaba bien, pero en el regreso nos vimos obligados a bajar del ferry en la primera parada y nos dijeron que el ferry no iba a nuestra parada. Culparon a las condiciones del mar, pero como ya hab√≠amos cruzado la parte m√°s dif√≠cil y el resto estaba a lo largo de la costa, esto obviamente no era cierto. Asumimos que como √©ramos solo 6 de nosotros sintieron que no val√≠a la pena llevarnos. Tuvimos que pagar por un taxi de regreso a nuestros hoteles - Simplemente no les importaba! ¬°Entiendo que no es la primera vez que esto sucede!.","¬°No conf√≠es en Ultramar para llegar a tu destino!. Reservamos un viaje de regreso de Playa Caracoles a Isla Mujeres, el viaje de ida estaba bien, pero en el regreso nos vimos obligados a bajar del ferry en la primera parada y nos dijeron que el ferry no iba a nuestra parada. Culparon a las condiciones del mar, pero como ya hab√≠amos cruzado la parte m√°s dif√≠cil y el resto estaba a lo largo de la costa, esto obviamente no era cierto. Asumimos que como √©ramos solo 6 de nosotros sintieron que no val√≠a la pena llevarnos. Tuvimos que pagar por un taxi de regreso a nuestros hoteles - Simplemente no les importaba! ¬°Entiendo que no es la primera vez que esto sucede!.",Negativo,1,Mixta,"['Transporte', 'Naturaleza']","{'Naturaleza': 'Visita a la Isla', ""'Naturaleza'"": 'Visita a la Isla', 'Transporte': 'Navegaci√≥n de regreso', ""Transporte'"": 'Regreso a la Isla con Navegaci√≥n', ""'Naturaleza"": 'Visita a la Isla'}"
¬°No reserve esto a trav√©s de Trip Advisor!. No recomendamos reservar este ferry a trav√©s de trip advisor. A pesar de que aparecimos media hora antes de las 9: 00 a.m. ferry - la compa√±√≠a de viajes no obtuvo confirmaci√≥n de Trip Advisor o la compa√±√≠a Ultra March Ferry no recibi√≥ confirmaci√≥n de Trip Advisor ... a pesar de que no nos dejaron subir y perdimos una hora de nuestro tiempo en Isla Mujeres. Aunque ligeramente m√°s barato en Trip Advisor - tuvimos que toser la carga ambiental en la terminal Ultra March de todos modos. En √∫ltima instancia - Cero ahorros y mucho m√°s molestias con la asistencia CERO de Trip Advisor cuando est√° en este aprieto. Reserva en la terminal de ferry!.,¬°No reserve esto a trav√©s de Trip Advisor!. No recomendamos reservar este ferry a trav√©s de trip advisor. A pesar de que aparecimos media hora antes de las 9: 00 a.m. ferry - la compa√±√≠a de viajes no obtuvo confirmaci√≥n de Trip Advisor o la compa√±√≠a Ultra March Ferry no recibi√≥ confirmaci√≥n de Trip Advisor ... a pesar de que no nos dejaron subir y perdimos una hora de nuestro tiempo en Isla Mujeres. Aunque ligeramente m√°s barato en Trip Advisor - tuvimos que toser la carga ambiental en la terminal Ultra March de todos modos. En √∫ltima instancia - Cero ahorros y mucho m√°s molestias con la asistencia CERO de Trip Advisor cuando est√° en este aprieto. Reserva en la terminal de ferry!.,Negativo,1,Mixta,['Transporte'],"{'Transporte': 'Navegaci√≥n de regreso', ""Transporte'"": 'Regreso a la Isla con Navegaci√≥n'}"
"Excelente servicio. Excelente atenci√≥n y aclaraci√≥n de dudas que me surgieron, gracias a Jeferson muy amable y atento, conoce perfectamente esta empresa.","Excelente servicio. Excelente atenci√≥n y aclaraci√≥n de dudas que me surgieron, gracias a Jeferson muy amable y atento, conoce perfectamente esta empresa.",Positivo,5,Subjetiva,['Personal y servicio'],"{""'Personal y servicio"": 'Servicio de Ultramar', ""Personal y servicio'"": 'Servicio en Ultramar', 'Personal y servicio': 'Servicio en Ultramar', ""'Personal y servicio'"": 'Servicio de Ultramar'}"
"QUEJA. Llegamos muy temprano para poder cruzar temprano eran las 8.30 de la ma√±ana , nos formamos para comprar los boletos ya que yo soy Cancunese y mi amiga turista.  Empez√≥ a hacerse la cola muy larga porque solo hab√≠a una sola cajera y esta estaba vendiendo paquetes para el parque  garraf√≥n.  Si van a vender paquetes que lo hagan fuera del lugar en donde se compran los boletos.... varios le dijimos que no vendiera los boletos para garraf√≥n, ese no es el objetivo de la oficina, o pongan un kiosco  fuera y vendan y promocionen lo que quieran pero no en la taquilla donde se venden los boletos .   Habemos personas que preferimos comprar de manera personal y no en la m√°quina.   La cola se hizo muy larga y la se√±orita segu√≠a vendiendo paquetes de la isla.","QUEJA. Llegamos muy temprano para poder cruzar temprano eran las 8.30 de la ma√±ana , nos formamos para comprar los boletos ya que yo soy Cancunese y mi amiga turista.  Empez√≥ a hacerse la cola muy larga porque solo hab√≠a una sola cajera y esta estaba vendiendo paquetes para el parque  garraf√≥n.  Si van a vender paquetes que lo hagan fuera del lugar en donde se compran los boletos.... varios le dijimos que no vendiera los boletos para garraf√≥n, ese no es el objetivo de la oficina, o pongan un kiosco  fuera y vendan y promocionen lo que quieran pero no en la taquilla donde se venden los boletos .   Habemos personas que preferimos comprar de manera personal y no en la m√°quina.   La cola se hizo muy larga y la se√±orita segu√≠a vendiendo paquetes de la isla.",Negativo,2,Mixta,['Personal y servicio'],"{""'Personal y servicio"": 'Experiencia en el Ferry', ""Personal y servicio'"": 'Mal Servicio en Isla', 'Personal y servicio': 'Atenci√≥n al Cliente Inadecuada', ""'Personal y servicio'"": 'Atenci√≥n en el Puerto'}"
"Barco fresco, tiempos convenientes, personal mediocre y terrible atenci√≥n al cliente. Barco fresco, tiempos de navegaci√≥n convenientes. Un miembro del personal MUY grosero que literalmente me GRIT√ì delante de todos ""bolsas en la parte de atr√°s"". ¬øEH? No hay se√±ales, no hay informaci√≥n y trat√© de contactar a esta compa√±√≠a varias veces con una pregunta sobre c√≥mo usar mi boleto y nunca me respondieron. No muy profesionalmente dirigido.","Barco fresco, tiempos convenientes, personal mediocre y terrible atenci√≥n al cliente. Barco fresco, tiempos de navegaci√≥n convenientes. Un miembro del personal MUY grosero que literalmente me GRIT√ì delante de todos ""bolsas en la parte de atr√°s"". ¬øEH? No hay se√±ales, no hay informaci√≥n y trat√© de contactar a esta compa√±√≠a varias veces con una pregunta sobre c√≥mo usar mi boleto y nunca me respondieron. No muy profesionalmente dirigido.",Negativo,2,Mixta,['Personal y servicio'],"{""'Personal y servicio"": 'Experiencia en el Ferry', ""Personal y servicio'"": 'Mal Servicio en Isla', 'Personal y servicio': 'Atenci√≥n al Cliente Inadecuada', ""'Personal y servicio'"": 'Atenci√≥n en el Puerto'}"
Genial e impresionante. Gran hombre que ayud√≥ a mi amigo y yo navegar a nuestro ferry! ¬°No podr√≠amos haberlo hecho sin √©l! Gracias amigo Apolonio Martinez.,Genial e impresionante. Gran hombre que ayud√≥ a mi amigo y yo navegar a nuestro ferry! ¬°No podr√≠amos haberlo hecho sin √©l! Gracias amigo Apolonio Martinez.,Positivo,5,Subjetiva,"['Transporte', 'Personal y servicio']","{'Transporte': 'Equipaje en islas', ""Transporte'"": 'Equipaje en la Isla', ""'Personal y servicio"": 'Servicio de Ultramar', ""Personal y servicio'"": 'Servicio en Ultramar', 'Personal y servicio': 'Servicio en Ultramar', ""'Personal y servicio'"": 'Servicio de Ultramar'}"
"Fue muy buena la experiencia, los accesos fueron r√°pidos y no tuvimos que esperar para trasladarnos. Fue una gran experiencia, Obed Mart√≠nez nos ayud√≥ mucho para comprar paquetes en los parques de Isla mujeres y eso nos facilit√≥ el viaje.","Fue muy buena la experiencia, los accesos fueron r√°pidos y no tuvimos que esperar para trasladarnos. Fue una gran experiencia, Obed Mart√≠nez nos ayud√≥ mucho para comprar paquetes en los parques de Isla mujeres y eso nos facilit√≥ el viaje.",Positivo,5,Mixta,"['Transporte', 'Personal y servicio']","{'Transporte': 'Equipaje en islas', ""Transporte'"": 'Equipaje en la Isla', ""'Personal y servicio"": 'Servicio de Ultramar', ""Personal y servicio'"": 'Servicio en Ultramar', 'Personal y servicio': 'Servicio en Ultramar', ""'Personal y servicio'"": 'Servicio de Ultramar'}"
"Personal muy cordial y servicial. Pedimos informes sobre las actividades con el trabajador de Ultramar Obed Mart√≠nez, su trato siempre fue muy cordial y muy atento. Quedamos muy complacidos con su servicio.","Personal muy cordial y servicial. Pedimos informes sobre las actividades con el trabajador de Ultramar Obed Mart√≠nez, su trato siempre fue muy cordial y muy atento. Quedamos muy complacidos con su servicio.",Positivo,5,Subjetiva,['Personal y servicio'],"{""'Personal y servicio"": 'Servicio de Ultramar', ""Personal y servicio'"": 'Servicio en Ultramar', 'Personal y servicio': 'Servicio en Ultramar', ""'Personal y servicio'"": 'Servicio de Ultramar'}"
"Canc√∫n a Isla Murejes. Montar fue genial. Est√°bamos viajando con mi madre mayor y se aseguraron de que todos estuvi√©ramos abajo, ya que hac√≠a tanto calor en esa √©poca del a√±o. El viaje fue suave, AC fue fant√°stico.","Canc√∫n a Isla Murejes. Montar fue genial. Est√°bamos viajando con mi madre mayor y se aseguraron de que todos estuvi√©ramos abajo, ya que hac√≠a tanto calor en esa √©poca del a√±o. El viaje fue suave, AC fue fant√°stico.",Positivo,5,Mixta,[],{}
"Muy buena atenci√≥n. Excelente trato!!! Me llev√© una grata sorpresa, yo ten√≠a boletos para otra compa√±√≠a y nos dieron mal el horario y perdimos  el √∫ltimo ferry de esa compa√±√≠a y el trabajador de nombre Emmanuel Alejandro aunque no ten√≠a boletos de su compa√±√≠a me orient√≥ de la mejor forma y me explico c√≥mo llegar a mi destino y termin√© comprando boletos con ultramar muy buen servicio y excelente trato del chico üëçüèªüëçüèª.","Muy buena atenci√≥n. Excelente trato!!! Me llev√© una grata sorpresa, yo ten√≠a boletos para otra compa√±√≠a y nos dieron mal el horario y perdimos  el √∫ltimo ferry de esa compa√±√≠a y el trabajador de nombre Emmanuel Alejandro aunque no ten√≠a boletos de su compa√±√≠a me orient√≥ de la mejor forma y me explico c√≥mo llegar a mi destino y termin√© comprando boletos con ultramar muy buen servicio y excelente trato del chico üëçüèªüëçüèª.",Positivo,5,Mixta,"['Transporte', 'Personal y servicio']","{'Transporte': 'Equipaje en islas', ""Transporte'"": 'Equipaje en la Isla', ""'Personal y servicio"": 'Servicio de Ultramar', ""Personal y servicio'"": 'Servicio en Ultramar', 'Personal y servicio': 'Servicio en Ultramar', ""'Personal y servicio'"": 'Servicio de Ultramar'}"
"Canc√∫n a Isla Mujeres y Playa Del Carmen a Cozumel. Tuvimos una excelente experiencia con el ferry Ultramar viajando de Canc√∫n a Isla Mujeres. Todo el proceso fue fluido y bien organizado. El personal de la taquilla era excepcional, especialmente la se√±ora que nos ayud√≥. Ella fue m√°s all√° al proporcionarnos un boleto que podr√≠amos utilizar m√°s tarde durante nuestro viaje para otra ruta (Playa del Carmen a Cozumel), que fue incre√≠blemente √∫til. En general, fue una experiencia fant√°stica, y recomendamos Ultramar para cualquiera que viaje entre estos destinos.","Canc√∫n a Isla Mujeres y Playa Del Carmen a Cozumel. Tuvimos una excelente experiencia con el ferry Ultramar viajando de Canc√∫n a Isla Mujeres. Todo el proceso fue fluido y bien organizado. El personal de la taquilla era excepcional, especialmente la se√±ora que nos ayud√≥. Ella fue m√°s all√° al proporcionarnos un boleto que podr√≠amos utilizar m√°s tarde durante nuestro viaje para otra ruta (Playa del Carmen a Cozumel), que fue incre√≠blemente √∫til. En general, fue una experiencia fant√°stica, y recomendamos Ultramar para cualquiera que viaje entre estos destinos.",Positivo,5,Mixta,"['Transporte', 'Naturaleza', 'Personal y servicio']","{'Naturaleza': 'Visita a la Isla', ""'Naturaleza'"": 'Visita a la Isla', 'Transporte': 'Equipaje en islas', ""Transporte'"": 'Equipaje en la Isla', ""'Personal y servicio"": 'Servicio de Ultramar', ""Personal y servicio'"": 'Servicio en Ultramar', 'Personal y servicio': 'Servicio en Ultramar', ""'Personal y servicio'"": 'Servicio de Ultramar', ""'Naturaleza"": 'Visita a la Isla'}"
Queja. Tengo 1 queja grande en contra de la sra teresa de jesus en la entrada la sra despues de pasar el primer filtro me piden que pase a la fila 5 de isla mujeres a puerto juares porsterior mi esposa me dice la sra te llama y me pide k le mustrw mi boleta y se los muestro y le digo ud disculpe me mandaron a la fila 5 y me dice a y ud muy chingon se pasa le comento a la sra disculpe ?? Eso fue lo k dijo el muchacho  y ud muy chingon se pasa nuevamente  esas son formas pregunto???.,Queja. Tengo 1 queja grande en contra de la sra teresa de jesus en la entrada la sra despues de pasar el primer filtro me piden que pase a la fila 5 de isla mujeres a puerto juares porsterior mi esposa me dice la sra te llama y me pide k le mustrw mi boleta y se los muestro y le digo ud disculpe me mandaron a la fila 5 y me dice a y ud muy chingon se pasa le comento a la sra disculpe ?? Eso fue lo k dijo el muchacho  y ud muy chingon se pasa nuevamente  esas son formas pregunto???.,Negativo,1,Mixta,"['Personal y servicio', 'Seguridad']","{""'Seguridad"": 'Servicio de Equipaje en Puertos', ""'Seguridad'"": 'Servicio de Ferry', ""'Personal y servicio"": 'Experiencia en el Ferry', ""Personal y servicio'"": 'Mal Servicio en Isla', 'Personal y servicio': 'Atenci√≥n al Cliente Inadecuada', 'Seguridad': 'Servicio de Equipaje en Puertos', ""'Personal y servicio'"": 'Atenci√≥n en el Puerto'}"
"Viaje a isla mujeres. Quer√≠amos cruzar a isla mujeres y conocer su playa, nos atendi√≥ jeferson, y nos dio varias recomendaciones de que hacer en isla mujeres, tambien nos explic√≥ bien como funcionaba el horario del ferry. Sus recomendaciones fueron de gran ayuda.","Viaje a isla mujeres. Quer√≠amos cruzar a isla mujeres y conocer su playa, nos atendi√≥ jeferson, y nos dio varias recomendaciones de que hacer en isla mujeres, tambien nos explic√≥ bien como funcionaba el horario del ferry. Sus recomendaciones fueron de gran ayuda.",Positivo,5,Mixta,"['Transporte', 'Naturaleza', 'Personal y servicio']","{'Naturaleza': 'Visita a la Isla', ""'Naturaleza'"": 'Visita a la Isla', 'Transporte': 'Equipaje en islas', ""Transporte'"": 'Equipaje en la Isla', ""'Personal y servicio"": 'Servicio de Ultramar', ""Personal y servicio'"": 'Servicio en Ultramar', 'Personal y servicio': 'Servicio en Ultramar', ""'Personal y servicio'"": 'Servicio de Ultramar', ""'Naturaleza"": 'Visita a la Isla'}"
"¬°Lo tengo caro!. Sus barcos siempre est√°n llenos, y los precios de sus boletos se han disparado a $ 30 por persona. Los precios de las entradas son solo como $ 4 o $ 6 para los locales.","¬°Lo tengo caro!. Sus barcos siempre est√°n llenos, y los precios de sus boletos se han disparado a $ 30 por persona. Los precios de las entradas son solo como $ 4 o $ 6 para los locales.",Negativo,1,Mixta,['Compras'],{}
"A+ Seguridad y servicio. Viaj√© ida y vuelta desde el ferry Ultramar Puerto Ju√°rez a Isla Mujeres y a mi regreso a Puerto Ju√°rez, mi equipaje fue llevado por otra persona antes de que pudiera llegar a los portaequipajes. Estaba devastado, pensando que hab√≠a sido robado y estaba perdido para siempre. Pero cada empleado de Ultramar fue tan servicial y compasivo y tan r√°pido para responder. El equipo de seguridad accedi√≥ r√°pidamente al video, encontr√≥ a la persona que (accidentalmente) tom√≥ mi equipaje y rastre√≥ al conductor y me devolvi√≥ el equipaje en pocas horas. Se mantuvieron en contacto conmigo y me pusieron al d√≠a, ya que ten√≠a que salir para un vuelo y organizaron guardar mi equipaje hasta que un amigo pudiera recuperarlo para m√≠. Grite a los incre√≠bles empleados y personal, especialmente David, que fueron tan servicial y servicial durante un momento muy estresante. Servicio de primera categor√≠a y servicio al cliente!.","A+ Seguridad y servicio. Viaj√© ida y vuelta desde el ferry Ultramar Puerto Ju√°rez a Isla Mujeres y a mi regreso a Puerto Ju√°rez, mi equipaje fue llevado por otra persona antes de que pudiera llegar a los portaequipajes. Estaba devastado, pensando que hab√≠a sido robado y estaba perdido para siempre. Pero cada empleado de Ultramar fue tan servicial y compasivo y tan r√°pido para responder. El equipo de seguridad accedi√≥ r√°pidamente al video, encontr√≥ a la persona que (accidentalmente) tom√≥ mi equipaje y rastre√≥ al conductor y me devolvi√≥ el equipaje en pocas horas. Se mantuvieron en contacto conmigo y me pusieron al d√≠a, ya que ten√≠a que salir para un vuelo y organizaron guardar mi equipaje hasta que un amigo pudiera recuperarlo para m√≠. Grite a los incre√≠bles empleados y personal, especialmente David, que fueron tan servicial y servicial durante un momento muy estresante. Servicio de primera categor√≠a y servicio al cliente!.",Positivo,5,Mixta,"['Transporte', 'Personal y servicio', 'Seguridad']","{""'Seguridad"": 'Servicio de Equipaje en Puertos', ""'Seguridad'"": 'Servicio de Ferry', 'Transporte': 'Equipaje en islas', ""Transporte'"": 'Equipaje en la Isla', ""'Personal y servicio"": 'Experiencia en el Ferry', ""Personal y servicio'"": 'Mal Servicio en Isla', 'Personal y servicio': 'Atenci√≥n al Cliente Inadecuada', 'Seguridad': 'Servicio de Equipaje en Puertos', ""'Personal y servicio'"": 'Atenci√≥n en el Puerto'}"
"Ultramar excelente. Jeferson florez, recomendado por si requieres gu√≠a dentro de alguno de los servicios, planes, costos que brinda la empresa, un profesional en todo el sentido de la palabra.","Ultramar excelente. Jeferson florez, recomendado por si requieres gu√≠a dentro de alguno de los servicios, planes, costos que brinda la empresa, un profesional en todo el sentido de la palabra.",Positivo,5,Subjetiva,['Personal y servicio'],"{""'Personal y servicio"": 'Servicio de Ultramar', ""Personal y servicio'"": 'Servicio en Ultramar', 'Personal y servicio': 'Servicio en Ultramar', ""'Personal y servicio'"": 'Servicio de Ultramar'}"
Excelente servicio. Excelente servicio de su personal en especial Jefferson Flores quien te atiende muy bien y atento hac√≠a el cliente üëçüèº.,Excelente servicio. Excelente servicio de su personal en especial Jefferson Flores quien te atiende muy bien y atento hac√≠a el cliente üëçüèº.,Positivo,5,Subjetiva,['Personal y servicio'],"{""'Personal y servicio"": 'Servicio de Ultramar', ""Personal y servicio'"": 'Servicio en Ultramar', 'Personal y servicio': 'Servicio en Ultramar', ""'Personal y servicio'"": 'Servicio de Ultramar'}"
"Gran servicio de ferry, pero no apreciamos los extras. Reservamos nuestros boletos de regreso en l√≠nea para viajar de Playa Caracol a Isla Mujeres. El billete estuvo abierto durante seis meses, as√≠ que una vez reservado se trataba de presentarse en el Puerto el d√≠a que quer√≠amos viajar, treinta minutos antes de la navegaci√≥n. El lunes 28 de octubre nos presentamos en Playa Caracol esperando coger el 10. 45 ferry. Sin embargo, como el muelle fue da√±ado el ferry no pudo salir de Playa Caracol. Nosotros junto con otros pasajeros tuvimos que tomar el autob√∫s local para abordar el ferry desde Playa Tortugas. Se puso un poco confuso, aquellos pasajeros que hab√≠an reservado sus boletos desde el quiosco en el Puerto, la compa√±√≠a pag√≥ su tarifa de autob√∫s. Como hab√≠amos reservado en l√≠nea tuvimos que pagar nuestra propia tarifa, solo 12 pesos, aproximadamente 50 peniques, para el viaje de quince minutos. Al llegar a Playa Tortugas abordamos un ferry bastante completo, nos subimos y nos sentamos en la cubierta superior, as√≠ que no te preocupes. El ferry se desliz√≥ suavemente lejos del muelle a las 10. 50 . Fue una traves√≠a tranquila a la Isla donde llegamos a las 11. 20 , 30 minutos de navegaci√≥n. Nuestro regreso deb√≠a partir a las 14. 15 , hubo un ligero retraso y partimos 14 . 25 llegando a Playa Tortugas a las 14. 55 La tarifa total de regreso para nosotros dos fue de $ 60. 44 d√≥lares estadounidenses (aproximadamente 47 libras esterlinas), esto inclu√≠a los impuestos de los derechos de saneamiento ambiental y la asistencia en el extranjero. En general, el servicio era eficiente, sin problemas y los transbordadores estaban limpios, modernos y bien mantenidos. Sin embargo, hubo algunos problemas que quitaron el brillo de las cosas. Hab√≠a una se√±ora caminando arriba y abajo de la cubierta vendiendo bocadillos y bebidas fr√≠as. Pensaba que $ 10 USD por una lata de cerveza y un paquete de patatas fritas (patatas fritas) era bastante caro. Mientras camin√°bamos por el embarcadero, hab√≠a una vieja rueda de barco, donde los pasajeros pod√≠an posar y tomar una fotograf√≠a oficial. Dos damas intentaron vender las fotos, durante la navegaci√≥n, estas fueron de $ 8 USD cada una. Durante la navegaci√≥n el era un tipo cantando en la cubierta superior, no era muy bueno y luego esperaba una propina. Afortunadamente no hubo canto en el viaje de regreso. Encontr√© que los extras eran un poco de dinero.","Gran servicio de ferry, pero no apreciamos los extras. Reservamos nuestros boletos de regreso en l√≠nea para viajar de Playa Caracol a Isla Mujeres. El billete estuvo abierto durante seis meses, as√≠ que una vez reservado se trataba de presentarse en el Puerto el d√≠a que quer√≠amos viajar, treinta minutos antes de la navegaci√≥n. El lunes 28 de octubre nos presentamos en Playa Caracol esperando coger el 10. 45 ferry. Sin embargo, como el muelle fue da√±ado el ferry no pudo salir de Playa Caracol. Nosotros junto con otros pasajeros tuvimos que tomar el autob√∫s local para abordar el ferry desde Playa Tortugas. Se puso un poco confuso, aquellos pasajeros que hab√≠an reservado sus boletos desde el quiosco en el Puerto, la compa√±√≠a pag√≥ su tarifa de autob√∫s. Como hab√≠amos reservado en l√≠nea tuvimos que pagar nuestra propia tarifa, solo 12 pesos, aproximadamente 50 peniques, para el viaje de quince minutos. Al llegar a Playa Tortugas abordamos un ferry bastante completo, nos subimos y nos sentamos en la cubierta superior, as√≠ que no te preocupes. El ferry se desliz√≥ suavemente lejos del muelle a las 10. 50 . Fue una traves√≠a tranquila a la Isla donde llegamos a las 11. 20 , 30 minutos de navegaci√≥n. Nuestro regreso deb√≠a partir a las 14. 15 , hubo un ligero retraso y partimos 14 . 25 llegando a Playa Tortugas a las 14. 55 La tarifa total de regreso para nosotros dos fue de $ 60. 44 d√≥lares estadounidenses (aproximadamente 47 libras esterlinas), esto inclu√≠a los impuestos de los derechos de saneamiento ambiental y la asistencia en el extranjero. En general, el servicio era eficiente, sin problemas y los transbordadores estaban limpios, modernos y bien mantenidos. Sin embargo, hubo algunos problemas que quitaron el brillo de las cosas. Hab√≠a una se√±ora caminando arriba y abajo de la cubierta vendiendo bocadillos y bebidas fr√≠as. Pensaba que $ 10 USD por una lata de cerveza y un paquete de patatas fritas (patatas fritas) era bastante caro. Mientras camin√°bamos por el embarcadero, hab√≠a una vieja rueda de barco, donde los pasajeros pod√≠an posar y tomar una fotograf√≠a oficial. Dos damas intentaron vender las fotos, durante la navegaci√≥n, estas fueron de $ 8 USD cada una. Durante la navegaci√≥n el era un tipo cantando en la cubierta superior, no era muy bueno y luego esperaba una propina. Afortunadamente no hubo canto en el viaje de regreso. Encontr√© que los extras eran un poco de dinero.",Neutro,3,Mixta,"['Transporte', 'Naturaleza']","{'Naturaleza': 'Visita a la Isla', ""'Naturaleza'"": 'Visita a la Isla', 'Transporte': 'Navegaci√≥n de regreso', ""Transporte'"": 'Regreso a la Isla con Navegaci√≥n', ""'Naturaleza"": 'Visita a la Isla'}"
"Espectacular!. Excelente servicio! Todo sali√≥ exactamente como se plane√≥, las personas que colaboran en las taquillas s√∫per amables y dispuestos a ayudar! Los horarios perfectos y el ferry s√∫per limpio y ameno. Enrique es es mejor gracias por toda la ayuda üôåüèª.","Espectacular!. Excelente servicio! Todo sali√≥ exactamente como se plane√≥, las personas que colaboran en las taquillas s√∫per amables y dispuestos a ayudar! Los horarios perfectos y el ferry s√∫per limpio y ameno. Enrique es es mejor gracias por toda la ayuda üôåüèª.",Positivo,5,Subjetiva,"['Transporte', 'Personal y servicio']","{'Transporte': 'Equipaje en islas', ""Transporte'"": 'Equipaje en la Isla', ""'Personal y servicio"": 'Servicio de Ultramar', ""Personal y servicio'"": 'Servicio en Ultramar', 'Personal y servicio': 'Servicio en Ultramar', ""'Personal y servicio'"": 'Servicio de Ultramar'}"
"Excelente servicio. Excelente servicio, Enrique fue muy amable y mi amiga dej√≥ su tarjeta y √©l la guardo y la devolvi√≥! Definitivamente volver√≠amos a abordar con ustedes.","Excelente servicio. Excelente servicio, Enrique fue muy amable y mi amiga dej√≥ su tarjeta y √©l la guardo y la devolvi√≥! Definitivamente volver√≠amos a abordar con ustedes.",Positivo,5,Subjetiva,['Personal y servicio'],"{""'Personal y servicio"": 'Servicio de Ultramar', ""Personal y servicio'"": 'Servicio en Ultramar', 'Personal y servicio': 'Servicio en Ultramar', ""'Personal y servicio'"": 'Servicio de Ultramar'}"
"Excelente. Todo s√∫per organizado, el personal fue muy amable, se nos olvid√≥ una tarjeta de cr√©dito en el punto de pago y muy amablemente la devolvieron, el ferry muy bonito.","Excelente. Todo s√∫per organizado, el personal fue muy amable, se nos olvid√≥ una tarjeta de cr√©dito en el punto de pago y muy amablemente la devolvieron, el ferry muy bonito.",Positivo,5,Subjetiva,"['Transporte', 'Personal y servicio']","{'Transporte': 'Equipaje en islas', ""Transporte'"": 'Equipaje en la Isla', ""'Personal y servicio"": 'Servicio de Ultramar', ""Personal y servicio'"": 'Servicio en Ultramar', 'Personal y servicio': 'Servicio en Ultramar', ""'Personal y servicio'"": 'Servicio de Ultramar'}"
"Otro gran viaje en ferry!. Ultramar es siempre oportuno, limpio, y el personal es muy servicial y amable. Me encanta la m√∫sica en vivo y los aperitivos tambi√©n. Los manipuladores de equipaje tambi√©n son agradables.","Otro gran viaje en ferry!. Ultramar es siempre oportuno, limpio, y el personal es muy servicial y amable. Me encanta la m√∫sica en vivo y los aperitivos tambi√©n. Los manipuladores de equipaje tambi√©n son agradables.",Positivo,5,Subjetiva,"['Transporte', 'Vida nocturna', 'Personal y servicio']","{'Transporte': 'Equipaje en islas', ""Transporte'"": 'Equipaje en la Isla', ""'Personal y servicio"": 'Servicio de Ultramar', ""Personal y servicio'"": 'Servicio en Ultramar', 'Personal y servicio': 'Servicio en Ultramar', ""'Personal y servicio'"": 'Servicio de Ultramar'}"
"¬°Traiga consigo cualquier cargamento o cualquier cosa de valor DENTRO del ferry!. El servicio era genial y el personal era amable, pero NO DEJES QUE TOMEN TUS MANOS Y LAS GUARDEN! Pasar√°n por tus pertenencias y ROBAR√ÅN. Mis Airpods MAX y el altavoz Bluetooth JBL fueron robados de mi bolso de mano. No sab√≠amos que pod√≠amos llevar nuestras maletas dentro del ferry, ya que era la primera vez que viaj√°bamos en ferry de Playa a Cozumel. ¬°Ten cuidado! Aprendimos la lecci√≥n.","¬°Traiga consigo cualquier cargamento o cualquier cosa de valor DENTRO del ferry!. El servicio era genial y el personal era amable, pero NO DEJES QUE TOMEN TUS MANOS Y LAS GUARDEN! Pasar√°n por tus pertenencias y ROBAR√ÅN. Mis Airpods MAX y el altavoz Bluetooth JBL fueron robados de mi bolso de mano. No sab√≠amos que pod√≠amos llevar nuestras maletas dentro del ferry, ya que era la primera vez que viaj√°bamos en ferry de Playa a Cozumel. ¬°Ten cuidado! Aprendimos la lecci√≥n.",Negativo,1,Mixta,"['Transporte', 'Naturaleza', 'Personal y servicio', 'Seguridad']","{""'Seguridad"": 'Servicio de Equipaje en Puertos', 'Naturaleza': 'Visita a la Isla', ""'Seguridad'"": 'Servicio de Ferry', ""'Naturaleza'"": 'Visita a la Isla', 'Transporte': 'Opiniones Diversas', ""Transporte'"": 'Opiniones Diversas', ""'Personal y servicio"": 'Experiencia en el Ferry', ""Personal y servicio'"": 'Mal Servicio en Isla', 'Personal y servicio': 'Atenci√≥n al Cliente Inadecuada', 'Seguridad': 'Servicio de Equipaje en Puertos', ""'Personal y servicio'"": 'Atenci√≥n en el Puerto', ""'Naturaleza"": 'Visita a la Isla'}"
"P√©simo servicio en isla mujeres. El servicio de su personal en fila para ingresar, es pesimoSus scaner no funcionan y la actitud del personal es mal√≠sima.","P√©simo servicio en isla mujeres. El servicio de su personal en fila para ingresar, es pesimoSus scaner no funcionan y la actitud del personal es mal√≠sima.",Negativo,1,Mixta,['Personal y servicio'],"{""'Personal y servicio"": 'Experiencia en el Ferry', ""Personal y servicio'"": 'Mal Servicio en Isla', 'Personal y servicio': 'Atenci√≥n al Cliente Inadecuada', ""'Personal y servicio'"": 'Atenci√≥n en el Puerto'}"
"PESIMO SERVICIO DE FACTURACION. Un suplicio para poder facturar, pero denuncie al SAT y me facturaron. Es una lastima que su atenci√≥n a clientes sea tan deficiente,.","PESIMO SERVICIO DE FACTURACION. Un suplicio para poder facturar, pero denuncie al SAT y me facturaron. Es una lastima que su atenci√≥n a clientes sea tan deficiente,.",Negativo,1,Mixta,['Personal y servicio'],"{""'Personal y servicio"": 'Experiencia en el Ferry', ""Personal y servicio'"": 'Mal Servicio en Isla', 'Personal y servicio': 'Atenci√≥n al Cliente Inadecuada', ""'Personal y servicio'"": 'Atenci√≥n en el Puerto'}"
"PESIMO SERVICO. CUIDADO SI NECESITAN FACTURAR POR QUE NO PODRAN HACERLOLa peor experiencia en facturaci√≥n, te dicen que tienes 4 d√≠as para hacerlo en su pagina, la cual es una porquer√≠a y no te deja hacerlo. Al querer solucionarlo por tel√©fono, correo o whats es imposible, nadie te responde y te dejan en visto, es la ultima vez que cruzamos en estos barco, por mucho mejor los de Xcaret.","PESIMO SERVICO. CUIDADO SI NECESITAN FACTURAR POR QUE NO PODRAN HACERLOLa peor experiencia en facturaci√≥n, te dicen que tienes 4 d√≠as para hacerlo en su pagina, la cual es una porquer√≠a y no te deja hacerlo. Al querer solucionarlo por tel√©fono, correo o whats es imposible, nadie te responde y te dejan en visto, es la ultima vez que cruzamos en estos barco, por mucho mejor los de Xcaret.",Negativo,1,Mixta,['Personal y servicio'],"{""'Personal y servicio"": 'Experiencia en el Ferry', ""Personal y servicio'"": 'Mal Servicio en Isla', 'Personal y servicio': 'Atenci√≥n al Cliente Inadecuada', ""'Personal y servicio'"": 'Atenci√≥n en el Puerto'}"
"PARQUE GARRAFON. Me encant√≥ la experiencia y la persona que me lo vendi√≥ fue s√∫per acertada y amable, su nombre es Marco L√≥pez de ultramar ferry.","PARQUE GARRAFON. Me encant√≥ la experiencia y la persona que me lo vendi√≥ fue s√∫per acertada y amable, su nombre es Marco L√≥pez de ultramar ferry.",Positivo,5,Mixta,"['Transporte', 'Personal y servicio']","{'Transporte': 'Equipaje en islas', ""Transporte'"": 'Equipaje en la Isla', ""'Personal y servicio"": 'Servicio de Ultramar', ""Personal y servicio'"": 'Servicio en Ultramar', 'Personal y servicio': 'Servicio en Ultramar', ""'Personal y servicio'"": 'Servicio de Ultramar'}"
"Abuso en precio de ultramar playa caracol. Compren sus tickets por Internet. Al llegar a mostrador de ultramar Playa Caracol en Canc√∫n para ir a Isla Mujeres,  aunque dice en el letrero un precio, se aumentan impuestos de los cuales no hay comprobante. Por eso no aceptan pago con tarjetas para evitar el control de ingresos.  Eso nos pasa a mexicanos, con los extranjeros han de robar m√°s.","Abuso en precio de ultramar playa caracol. Compren sus tickets por Internet. Al llegar a mostrador de ultramar Playa Caracol en Canc√∫n para ir a Isla Mujeres,  aunque dice en el letrero un precio, se aumentan impuestos de los cuales no hay comprobante. Por eso no aceptan pago con tarjetas para evitar el control de ingresos.  Eso nos pasa a mexicanos, con los extranjeros han de robar m√°s.",Negativo,1,Mixta,['Seguridad'],"{""'Seguridad"": 'Playas con Ruinas Arqueol√≥gicas', ""'Seguridad'"": 'Playa Caracol y Ruinas', 'Seguridad': 'Atracciones y Ruinas en Playas'}"
"Promiedo la verdad no para volver. El museo la verdad  no est√° tan lindo y les falta mejorar muchas cosas‚Ä¶ para empezar deber√≠an mejorar el aire acondicionado se siente muy sofocado adentro de las salas .. ( la √∫nica zona donde hab√≠a aire acondicionado era la tienda de souvenirs) y aparte muy pocas piezas en exhibici√≥n.. y solo hay 2 salas y todo lo dem√°s es zona arqueol√≥gica‚Ä¶ se ve que el gobierno y INAH no le meten tanto presupuesto, aunque tambi√©n lo bueno es que tiene bonita fachada .. la verdad no volver√≠a a menos de que lo mejoraran.","Promiedo la verdad no para volver. El museo la verdad  no est√° tan lindo y les falta mejorar muchas cosas‚Ä¶ para empezar deber√≠an mejorar el aire acondicionado se siente muy sofocado adentro de las salas .. ( la √∫nica zona donde hab√≠a aire acondicionado era la tienda de souvenirs) y aparte muy pocas piezas en exhibici√≥n.. y solo hay 2 salas y todo lo dem√°s es zona arqueol√≥gica‚Ä¶ se ve que el gobierno y INAH no le meten tanto presupuesto, aunque tambi√©n lo bueno es que tiene bonita fachada .. la verdad no volver√≠a a menos de que lo mejoraran.",Negativo,2,Mixta,['Historia y cultura'],"{'Historia y cultura': 'Opiniones Diversas', ""'Historia y cultura"": 'Opiniones Diversas', ""Historia y cultura'"": 'Opiniones Diversas', ""'Historia y cultura'"": 'Opiniones Diversas'}"
"Identidad, Cultura y Patrimonio. El Museo Maya en verdad que nos muestra como fue parte del desarrollo de la civilizaci√≥n Maya y sus alrededores, ademas de conservarse en el tiempo. As√≠ mismo la zona arqueologica esta realmente conservada y cuidada. Es una aventura para quienes gozan y disfrutan de la historia, la cultura y la naturaleza.","Identidad, Cultura y Patrimonio. El Museo Maya en verdad que nos muestra como fue parte del desarrollo de la civilizaci√≥n Maya y sus alrededores, ademas de conservarse en el tiempo. As√≠ mismo la zona arqueologica esta realmente conservada y cuidada. Es una aventura para quienes gozan y disfrutan de la historia, la cultura y la naturaleza.",Positivo,5,Subjetiva,"['Historia y cultura', 'Naturaleza']","{'Historia y cultura': 'Ruinas mayas y museos', 'Naturaleza': 'Exploraci√≥n Arqueol√≥gica', ""'Historia y cultura"": 'Visita a Ruinas Mayas', ""Historia y cultura'"": 'Visita a Ruinas Mayas', ""'Naturaleza'"": 'Museo Arqueol√≥gico', ""'Historia y cultura'"": 'Visita a Ruinas Mayas', ""'Naturaleza"": 'Museo Arqueol√≥gico'}"
"Decepcionada del lugar que deber√≠a ser un referente de Canc√∫n. Es un lugar abandonado por el gobierno, no funciona el aire acondicionado, no funciona el elevador, estructura deteriorada, no hay gu√≠as tur√≠sticos, no tiene ning√∫n evento planeado, ni exposiciones temporales, le falta inversi√≥n y restauraci√≥n , al ser una zona tan importante y tur√≠stica no cumple las expectativas, lo bueno es que tiene rampas para movilizarse en silla de ruedas.","Decepcionada del lugar que deber√≠a ser un referente de Canc√∫n. Es un lugar abandonado por el gobierno, no funciona el aire acondicionado, no funciona el elevador, estructura deteriorada, no hay gu√≠as tur√≠sticos, no tiene ning√∫n evento planeado, ni exposiciones temporales, le falta inversi√≥n y restauraci√≥n , al ser una zona tan importante y tur√≠stica no cumple las expectativas, lo bueno es que tiene rampas para movilizarse en silla de ruedas.",Negativo,1,Mixta,"['Eventos y festivales', 'Historia y cultura']","{'Historia y cultura': 'Aire acondicionado en lugares tur√≠sticos', ""'Historia y cultura"": 'Servicio de Aire Acondicionado', ""Historia y cultura'"": 'Servicio de Aire Acondicionado', ""'Historia y cultura'"": 'Servicio de Aire Acondicionado'}"
"¬°Recomiendo!. Realmente encantador museo muy barato y un mont√≥n de ruinas para ver fuera con un mont√≥n de hermosos paisajes. Si te gustan las iguanas est√°n a la vuelta de cada esquina! Definitivamente traigo alg√∫n tipo de spray para insectos ya que tengo m√°s de 20 picaduras por todo m√≠. La √∫nica cosa mala que tengo que decir sobre este lugar es que la pasarela a las ruinas tienen piedras que sobresalen del suelo, que tambi√©n me tropec√© y me cort√© el dedo del pie, as√≠ que tendr√≠a cuidado con eso. Y las habitaciones no tienen aire acondicionado, as√≠ que hace mucho calor all√≠.","¬°Recomiendo!. Realmente encantador museo muy barato y un mont√≥n de ruinas para ver fuera con un mont√≥n de hermosos paisajes. Si te gustan las iguanas est√°n a la vuelta de cada esquina! Definitivamente traigo alg√∫n tipo de spray para insectos ya que tengo m√°s de 20 picaduras por todo m√≠. La √∫nica cosa mala que tengo que decir sobre este lugar es que la pasarela a las ruinas tienen piedras que sobresalen del suelo, que tambi√©n me tropec√© y me cort√© el dedo del pie, as√≠ que tendr√≠a cuidado con eso. Y las habitaciones no tienen aire acondicionado, as√≠ que hace mucho calor all√≠.",Positivo,5,Mixta,"['Historia y cultura', 'Naturaleza', 'Seguridad', 'Fauna y vida animal']","{""'Seguridad"": 'Playas con Ruinas Arqueol√≥gicas', 'Historia y cultura': 'Ruinas mayas y museos', 'Naturaleza': 'Exploraci√≥n Arqueol√≥gica', ""'Seguridad'"": 'Playa Caracol y Ruinas', ""'Historia y cultura"": 'Visita a Ruinas Mayas', ""Historia y cultura'"": 'Visita a Ruinas Mayas', ""'Naturaleza'"": 'Museo Arqueol√≥gico', ""'Historia y cultura'"": 'Visita a Ruinas Mayas', 'Seguridad': 'Atracciones y Ruinas en Playas', ""'Naturaleza"": 'Museo Arqueol√≥gico'}"
"¬°Ciudad Iguana!. ¬°El museo fue un descanso muy necesario de la escena festiva del hotel resort de Canc√∫n! Disfrut√© de los artefactos y la informaci√≥n, y la caminata por la jungla/ruinas, sin embargo me perturbaron mucho las iguanas en el camino y de hecho trep√© una barrera para evitar una, ¬°si no te importan los lagartos salvajes, estar√°s bien! Se lo recomendar√≠a a cualquiera, ya que el museo y el paseo cuestan solo 100 pesos; creo que los turistas pagar√≠an m√°s para mantenerlo en funcionamiento. Hay una linda tienda y si necesitas una bebida fr√≠a, el 7/11 al otro lado de la calle tiene muchas y tiene aire acondicionado.","¬°Ciudad Iguana!. ¬°El museo fue un descanso muy necesario de la escena festiva del hotel resort de Canc√∫n! Disfrut√© de los artefactos y la informaci√≥n, y la caminata por la jungla/ruinas, sin embargo me perturbaron mucho las iguanas en el camino y de hecho trep√© una barrera para evitar una, ¬°si no te importan los lagartos salvajes, estar√°s bien! Se lo recomendar√≠a a cualquiera, ya que el museo y el paseo cuestan solo 100 pesos; creo que los turistas pagar√≠an m√°s para mantenerlo en funcionamiento. Hay una linda tienda y si necesitas una bebida fr√≠a, el 7/11 al otro lado de la calle tiene muchas y tiene aire acondicionado.",Positivo,4,Mixta,"['Alojamiento', 'Historia y cultura', 'Deportes y aventura', 'Naturaleza', 'Fauna y vida animal']","{'Historia y cultura': 'Aire acondicionado en lugares tur√≠sticos', 'Naturaleza': 'Exploraci√≥n Arqueol√≥gica', ""'Historia y cultura"": 'Servicio de Aire Acondicionado', ""Historia y cultura'"": 'Servicio de Aire Acondicionado', ""'Naturaleza'"": 'Museo Arqueol√≥gico', ""'Historia y cultura'"": 'Servicio de Aire Acondicionado', ""'Naturaleza"": 'Museo Arqueol√≥gico'}"
"Canc√∫n-Museo de Maya y San Miguelito. El relativamente nuevo Museo de Maya y las ruinas de San Miguelito est√°n a poca distancia - a poco menos de una milla - de la Fiesta Americana Condesa. O uno podr√≠a tomar el autob√∫s. Lo caminamos, y tomamos un Uber de vuelta ya que se hab√≠a puesto bastante caliente. El museo es bastante modesto, pero ofrece informaci√≥n interesante sobre la historia y la cultura maya. Desde all√≠ contiguas -e incluidas en el precio de la entrada- se encuentran las ruinas de San Miguelito. Muchas exploraciones a pie se pueden hacer a trav√©s del bosque all√≠. ¬°Muchas iguanas!.","Canc√∫n-Museo de Maya y San Miguelito. El relativamente nuevo Museo de Maya y las ruinas de San Miguelito est√°n a poca distancia - a poco menos de una milla - de la Fiesta Americana Condesa. O uno podr√≠a tomar el autob√∫s. Lo caminamos, y tomamos un Uber de vuelta ya que se hab√≠a puesto bastante caliente. El museo es bastante modesto, pero ofrece informaci√≥n interesante sobre la historia y la cultura maya. Desde all√≠ contiguas -e incluidas en el precio de la entrada- se encuentran las ruinas de San Miguelito. Muchas exploraciones a pie se pueden hacer a trav√©s del bosque all√≠. ¬°Muchas iguanas!.",Positivo,4,Mixta,"['Transporte', 'Historia y cultura']","{'Historia y cultura': 'Opiniones Diversas', ""'Historia y cultura"": 'Opiniones Diversas', ""Historia y cultura'"": 'Opiniones Diversas', ""'Historia y cultura'"": 'Opiniones Diversas', 'Transporte': 'Equipaje en islas', ""Transporte'"": 'Equipaje en la Isla'}"
